office_distance_from_house;bonus_salary_percentage;job_satisfaction;education_level;overtime_hour;company_latitude;company_longitude;gender;churn
8511;42.51;1;bachelor/diploma;3.416555569;33.30901411;-93.33034834;0;0
10090;57.48;2;bachelor/diploma;2.8971491;37.67898265;-98.96809693;0;0
18652;41.22;2;bachelor/diploma;3.180264391;37.17589145;-77.44281166;1;1
13392;63.57;3;bachelor/diploma;3.429648385;44.40808433;-85.70329635;0;0
13356;46.16;2;bachelor/diploma;3.812225886;41.4547019;-81.40465455;1;1
8637;45.4;2;masters degree;2.957463951;34.64635949;-95.06668783;1;0
10121;59.67;5;bachelor/diploma;2.166111952;48.31934738;-79.1391826;1;0
6416;81.34;2;bachelor/diploma;3.780238473;43.25415411;-102.2595999;1;0
13291;69.6;4;bachelor/diploma;3.365301266;48.4156427;-81.382291;1;0
11873;46.46;4;masters degree;3.473617884;37.755371;-73.41052341;1;0
12401;58.66;2;masters degree;3.58572176;38.51700139;-94.62211371;1;0
10458;70.38;3;masters degree;3.560281279;42.92332919;-93.72696821;0;0
8110;35.57;4;masters degree;2.530027826;45.81401615;-89.53980226;1;0
10669;68.5;3;masters degree;3.179093552;45.55316162;-88.98362332;0;0
14050;59.71;2;bachelor/diploma;3.675808367;38.50335128;-94.25625393;1;0
6753;61.26;3;masters degree;2.766406878;46.91624879;-97.79250545;0;0
13130;58.44;3;bachelor/diploma;3.884242788;40.03903828;-76.66004836;0;0
9424;37.46;3;bachelor/diploma;1.832274766;50.12243175;-79.99066462;0;1
10670;45.23;3;masters degree;3.246844882;38.63942548;-83.93271717;1;0
10199;45.33;2;bachelor/diploma;2.148630733;44.70452792;-84.0617292;0;0
4780;36.17;3;higher education;1.632791932;37.21379865;-92.85843988;0;0
7654;56;3;bachelor/diploma;3.545166631;49.18954122;-88.07014016;0;0
8457;42.33;3;masters degree;2.754794288;40.70889794;-87.04727527;0;0
11895;45.32;3;masters degree;3.346830614;39.84979537;-80.03696295;0;0
8228;78.65;3;bachelor/diploma;3.39568753;46.89108001;-97.11954999;1;0
22507;26.81;2;bachelor/diploma;3.537013523;35.88736904;-78.6586573;1;1
17671;51.62;2;bachelor/diploma;2.375723273;39.08746509;-75.36722646;1;1
13625;66.51;3;bachelor/diploma;2.98225268;44.90643613;-83.80671822;1;0
10956;62.54;3;masters degree;3.395059342;42.32922942;-89.63065343;1;0
7319;47.83;2;bachelor/diploma;2.671462061;41.87364997;-84.90392249;1;1
19179;18.38;2;bachelor/diploma;2.848646599;44.12128398;-91.44134616;0;1
19043;36.65;2;bachelor/diploma;3.132340097;39.13759936;-79.51540618;0;1
19604;39.78;2;bachelor/diploma;3.687358794;36.02949648;-79.81925866;0;1
6494;45.49;2;masters degree;2.582790192;42.19865903;-93.06262874;1;0
19726;32.23;2;bachelor/diploma;2.654307114;43.02945513;-77.49246443;1;1
13505;66.36;3;bachelor/diploma;2.541179284;42.89041253;-89.24045085;1;0
13714;65.73;2;bachelor/diploma;3.490327967;37.77353285;-102.6418785;1;0
10305;52.06;2;masters degree;3.562352345;37.6051397;-90.25050334;0;0
11207;61.33;2;bachelor/diploma;2.528456291;43.34333049;-85.37615233;1;1
10938;51.32;2;masters degree;3.439602888;43.76070366;-86.15679647;1;1
11644;62.35;3;bachelor/diploma;2.807759036;44.59016407;-87.30501578;1;0
6316;50.01;2;masters degree;3.476703461;45.9368932;-93.0962205;0;0
11030;38.84;1;masters degree;3.385047353;37.48749051;-79.81405383;1;1
9078;43.88;3;bachelor/diploma;3.807095907;47.27415116;-89.28714209;0;0
15088;42.05;2;bachelor/diploma;3.297040323;39.22783505;-82.0671975;1;1
12788;70.7;4;bachelor/diploma;2.265858534;43.73156113;-89.1962514;1;0
10773;45.42;3;bachelor/diploma;4.313491924;42.3225117;-83.53532271;0;1
7322;80.98;3;masters degree;2.780124451;46.54543366;-99.84854876;1;0
11515;61.57;2;bachelor/diploma;3.114560333;37.68498526;-102.1744222;0;0
4589;62.79;1;bachelor/diploma;4.179411777;35.9150525;-100.7718592;1;0
1875;61.77;3;bachelor/diploma;2.96255842;40.14172169;-96.15690739;0;0
11737;49.82;4;bachelor/diploma;1.904712562;42.28239439;-86.47113709;0;0
7692;45.86;4;bachelor/diploma;2.340883584;44.77350405;-75.14064848;0;0
8132;55.4;1;bachelor/diploma;4.496676652;37.69427271;-88.19856525;0;0
19317;20.79;3;bachelor/diploma;3.255632239;39.36274052;-88.46025755;0;1
13598;50.6;4;masters degree;2.30589135;43.30009997;-82.1517824;0;0
3703;40.14;3;higher education;3.159797465;34.02826715;-97.3492161;1;0
9680;60.18;2;masters degree;3.914673749;39.10606445;-92.9897974;1;0
2929;37.88;3;masters degree;3.219567815;38.28682728;-78.16506829;1;0
9111;52.08;3;masters degree;3.203520734;42.45113681;-95.28614159;0;0
10257;53.86;3;bachelor/diploma;3.38481879;42.93598676;-88.63535519;0;0
9330;43.62;3;masters degree;3.202679474;39.53515663;-84.60267535;0;0
7613;53.38;2;masters degree;3.062020202;38.5941164;-91.29301613;0;0
10523;46.22;2;bachelor/diploma;3.058907597;40.3689667;-82.86140045;1;1
5861;71.72;1;bachelor/diploma;4.149865348;37.3932242;-105.9557464;0;0
7488;57.63;2;bachelor/diploma;3.499718695;39.04780289;-92.299322;1;0
21954;18.68;2;bachelor/diploma;2.986270976;40.19059078;-76.01317091;1;1
11167;42.3;3;bachelor/diploma;3.423511891;42.499551;-84.35913217;0;0
10115;51.98;4;masters degree;2.81198356;47.76619931;-70.45822283;1;0
10036;43.67;2;masters degree;3.431017373;41.54780525;-83.08459668;1;0
7946;42.95;3;masters degree;3.631389429;44.03807387;-90.35410589;0;0
10778;53;2;masters degree;3.161950658;45.57769785;-87.26937958;0;1
7207;49.13;2;masters degree;3.310134618;44.13168785;-85.4024305;1;1
8387;51.72;4;bachelor/diploma;2.88024666;49.83098212;-84.37294356;0;0
16009;89.28;2;bachelor/diploma;3.599568974;45.15544102;-105.1648062;0;0
11012;51.24;2;masters degree;3.397156531;43.99142085;-84.11945206;0;1
12316;52.44;3;bachelor/diploma;2.243181907;47.89028467;-77.49410943;0;0
10582;38.23;1;bachelor/diploma;4.15620415;39.90644974;-81.12986043;1;1
11894;51.22;3;bachelor/diploma;1.73215796;49.39558046;-79.00056495;0;0
9877;62.5;2;masters degree;2.332487543;40.76357573;-95.38676568;1;0
11636;37.79;3;masters degree;3.095972587;37.96904481;-80.50995081;1;0
10278;41.13;4;bachelor/diploma;2.44458866;44.06202071;-88.04527371;1;0
9089;62.65;3;bachelor/diploma;4.117359027;44.85714538;-79.87724693;1;0
6120;71.04;3;masters degree;3.420831063;43.62998738;-106.2687306;1;0
9049;47.96;3;bachelor/diploma;2.513360948;40.56050729;-85.44195687;0;0
9374;59.29;2;bachelor/diploma;3.608237375;43.9552941;-83.70433564;1;1
7338;26.63;2;masters degree;3.151765903;45.67257235;-77.48590628;0;1
10409;61.53;3;bachelor/diploma;3.049681287;43.23966158;-87.7972391;0;0
13011;48.98;3;bachelor/diploma;2.750142141;42.05012929;-77.54037242;0;0
10490;51.71;2;bachelor/diploma;3.383760149;45.14032948;-87.40987499;0;1
10430;72.68;2;bachelor/diploma;3.448728773;40.98755523;-101.6638071;1;0
16348;32.45;3;bachelor/diploma;2.593224613;41.46005118;-89.46568057;1;1
13520;63.03;4;bachelor/diploma;2.786149156;45.75122614;-84.90478343;0;0
14443;49.08;3;bachelor/diploma;2.854226087;38.07508014;-74.07726766;0;0
11662;23.22;2;bachelor/diploma;2.412699063;44.68819207;-79.17652922;0;1
8372;58.9;3;masters degree;1.862709752;41.11288066;-97.74072321;0;0
16872;36.8;2;bachelor/diploma;3.76754604;41.04774621;-82.24433987;0;1
8366;52.03;3;masters degree;3.009860559;41.99009029;-83.014271;0;0
7152;60.92;4;bachelor/diploma;1.948089445;45.26407617;-89.10990449;1;0
14737;88.98;3;bachelor/diploma;3.178020801;45.31388607;-89.03440085;0;0
9160;71.62;3;bachelor/diploma;3.380538077;47.26126182;-91.43221609;1;0
13879;36.51;2;bachelor/diploma;2.707861626;42.62370132;-86.48497215;0;1
15597;53.63;2;bachelor/diploma;3.14453712;45.24244858;-86.14632777;0;1
6350;57.75;2;masters degree;3.655611326;37.70255151;-94.70152423;1;0
5486;47.4;3;masters degree;3.55439802;39.75150842;-92.42523693;1;0
20560;9.17;2;bachelor/diploma;3.286615763;42.4645365;-93.33599786;1;1
7816;69.75;1;masters degree;3.055234514;33.22030353;-119.3273696;1;0
8384;47.89;2;masters degree;3.431192335;45.45870392;-93.07856634;1;0
9020;55.48;2;masters degree;4.10480813;40.26634707;-84.31774233;0;0
15024;41.39;3;bachelor/diploma;2.873098478;44.69226346;-82.12086802;0;1
3596;42.08;1;masters degree;3.331707642;43.89799988;-80.95098989;0;1
10168;45.19;2;bachelor/diploma;2.486326081;38.91787479;-82.17801105;1;1
20797;56.74;2;masters degree;3.578792292;40.06006401;-88.42476157;1;0
11487;55.89;2;bachelor/diploma;4.218204421;37.86274331;-89.87367373;0;0
9992;67.06;1;bachelor/diploma;4.694490312;36.04134137;-102.3568239;1;0
9136;43.32;2;bachelor/diploma;3.462237105;40.54582456;-82.28554884;0;1
14998;50.04;4;bachelor/diploma;3.549048982;40.63052824;-83.51581149;0;0
7242;59.79;2;bachelor/diploma;2.467790581;47.00144014;-92.31910083;1;0
8277;59.35;1;masters degree;4.704233547;38.41844256;-89.03464539;0;0
10586;55.2;2;masters degree;3.450394514;44.68120572;-85.85924946;1;1
8403;38.17;4;masters degree;3.162261308;39.42037833;-86.35545988;1;0
14431;63.85;4;bachelor/diploma;2.87224509;40.10978826;-89.01999377;0;0
9348;53.23;4;bachelor/diploma;3.263981219;45.08071828;-75.82669472;0;0
8439;57.45;3;bachelor/diploma;2.496344352;45.71079942;-90.87132836;1;0
11342;49.57;3;masters degree;2.432016362;38.48424;-80.64936925;0;0
14796;69.15;3;bachelor/diploma;3.266012164;41.64551426;-89.70369444;0;0
12376;43.5;3;bachelor/diploma;2.360239661;39.63759378;-84.47307451;0;0
15606;67.9;3;bachelor/diploma;2.490491741;43.95514182;-79.31638383;0;0
11542;59.87;3;masters degree;3.738995599;39.71375658;-94.64826538;0;0
8584;56.51;3;bachelor/diploma;2.190915128;44.90445006;-93.9506291;0;0
8453;58.18;2;bachelor/diploma;3.895998849;38.90706417;-90.87974141;0;0
17527;50.79;2;bachelor/diploma;3.630348403;35.6754268;-75.86625061;1;1
13094;45.64;2;masters degree;3.300486618;40.08530902;-81.17246939;0;1
11305;60.86;4;bachelor/diploma;3.633368886;46.91552876;-88.54502957;0;0
7039;65.78;3;bachelor/diploma;3.065221482;45.36165389;-86.56378315;1;0
14690;45.37;2;masters degree;2.686135134;37.91628767;-80.65687056;1;1
16528;49;1;bachelor/diploma;2.494997915;36.6214901;-76.77354352;0;1
13317;53.17;3;bachelor/diploma;3.153955383;48.23216005;-76.63572473;0;0
12764;56.18;4;bachelor/diploma;2.393450932;43.24231799;-89.0417204;1;0
11545;67.83;3;masters degree;2.427917305;42.04748724;-99.9025952;0;0
14915;49.97;2;bachelor/diploma;2.41082763;41.16424737;-85.59152919;1;1
8686;39.66;3;masters degree;3.542195252;38.58331651;-86.86805456;0;0
24786;35.47;2;high-school;3.289142851;43.60415659;-78.15066365;1;1
13460;79.21;0;masters degree;4.174586443;34.78952817;-118.9429019;0;0
10603;64.43;2;masters degree;3.982125976;40.6177138;-92.55042901;0;0
14043;52.67;3;masters degree;2.993163858;39.73093264;-89.10251016;1;0
6273;56.16;2;masters degree;2.584132252;44.66104599;-86.96101756;0;1
11342;57.07;2;bachelor/diploma;3.133364508;46.00387402;-86.72998575;0;1
8333;52.69;2;masters degree;4.320579232;41.48062381;-78.02622246;1;0
13185;39.2;2;bachelor/diploma;2.13785043;42.88218612;-85.20460198;0;1
11378;53.97;1;bachelor/diploma;3.45642309;34.98797615;-99.61358866;1;0
14805;54.79;2;bachelor/diploma;3.293358711;44.55604433;-81.39158592;0;0
11971;48.52;3;bachelor/diploma;1.991157557;39.44563306;-91.61969277;0;0
5780;55.57;3;masters degree;3.16035644;47.86303585;-95.84475741;1;0
12810;45.95;1;bachelor/diploma;2.491730074;42.61687888;-83.86616146;1;1
11331;47.83;3;masters degree;3.034438485;40.49094953;-83.47386757;1;0
3328;39.51;3;higher education;3.39554607;38.23031379;-98.2726894;0;0
6046;53.44;3;masters degree;2.771325526;44.04282319;-96.72256665;1;0
9015;57.98;2;bachelor/diploma;2.781619125;38.82038834;-97.21636132;0;0
11992;41.28;2;bachelor/diploma;3.244282629;48.71534349;-81.87220367;1;1
10123;53.18;3;masters degree;2.586229804;38.66059692;-93.90926249;0;0
8177;40.91;2;masters degree;2.787728088;38.96859669;-91.6660218;0;0
13872;43.33;1;bachelor/diploma;2.352347617;45.45902661;-80.20097738;1;1
9892;80.68;4;bachelor/diploma;2.807334785;48.32503981;-94.32297775;0;0
13601;55.64;2;masters degree;3.819974427;38.95739355;-89.34266418;0;0
10930;66.5;3;bachelor/diploma;3.639968314;42.92311899;-93.8731184;0;0
6043;54.25;2;bachelor/diploma;3.515857229;36.41341916;-95.90643979;0;0
11685;45.77;2;bachelor/diploma;3.072714992;44.44536574;-87.75292565;0;0
11307;70.03;3;bachelor/diploma;2.778122772;42.8203181;-94.56664372;0;0
7293;50.31;3;masters degree;3.334642318;41.88255589;-97.31640006;1;0
9413;55.06;3;bachelor/diploma;2.213581542;46.42990181;-86.15485783;0;0
14145;47.56;2;masters degree;3.164008659;36.97064607;-90.275384;0;0
13281;56.56;2;masters degree;3.615438825;36.39113004;-97.0962735;0;0
8824;40.65;1;masters degree;3.570058128;40.86617743;-80.87095327;0;1
8923;43.1;1;bachelor/diploma;4.219240858;42.95432477;-82.79411402;1;1
20056;33.9;3;bachelor/diploma;2.431743783;38.12744677;-80.0387439;1;1
7345;67.75;2;bachelor/diploma;3.35811232;41.60993556;-96.08938239;1;0
13397;86.08;2;bachelor/diploma;2.647702602;45.45540934;-90.88598337;0;0
9075;66.8;3;masters degree;3.574841842;43.83423809;-88.88469475;0;0
13919;41.06;2;masters degree;3.156909906;37.77569505;-79.8349988;0;1
13599;66.14;2;masters degree;3.761026411;39.57415946;-97.68542103;0;0
7054;42.6;3;bachelor/diploma;2.80403068;41.10709864;-77.13833091;1;0
11613;40.92;1;bachelor/diploma;3.656835605;40.5368192;-81.9567209;0;1
9651;45.68;4;masters degree;3.42206553;43.39650307;-89.6800565;0;0
7778;48.72;1;masters degree;3.189759253;31.76143872;-103.3073223;1;0
9093;57.71;3;bachelor/diploma;2.298277769;47.68955514;-87.2145611;0;0
12937;60.19;1;bachelor/diploma;3.154612399;45.21453147;-81.61748988;1;1
9715;42.92;4;masters degree;2.596065459;42.73719548;-75.10690923;1;0
3612;63.62;2;masters degree;2.614668751;50.3943023;-88.76159883;0;1
9895;70.09;3;masters degree;2.791229437;44.28787272;-94.78326148;0;0
6465;45.82;4;bachelor/diploma;2.449353518;45.23457085;-73.21266244;1;0
9503;72.79;1;masters degree;4.36643687;36.57635807;-107.4266331;1;0
5135;50.99;2;masters degree;2.916635555;42.04133232;-84.28780682;1;1
8581;43.07;3;masters degree;3.036392666;35.89035198;-84.78447838;0;0
6503;72.82;2;bachelor/diploma;4.510508074;40.89063508;-96.26063199;1;0
11795;55.26;1;bachelor/diploma;2.507510227;40.96204537;-79.55148687;0;1
9591;77.46;3;bachelor/diploma;3.341731367;45.29552033;-94.54823411;0;0
13879;62.33;3;bachelor/diploma;3.264705712;45.76233063;-84.57183654;1;0
8659;45.78;3;masters degree;3.571334793;40.08819729;-87.93102727;0;0
8458;45.3;1;bachelor/diploma;4.030562193;41.5547864;-80.6711433;0;1
6512;42.72;2;masters degree;3.507556973;46.68271587;-80.63930281;1;1
5728;38.41;3;masters degree;2.471284565;41.84618576;-92.85532783;0;0
9993;44.64;4;masters degree;3.615581314;36.28339113;-81.66173282;1;0
8949;50.11;2;masters degree;2.600285475;41.43144781;-86.35459587;0;1
10687;75.93;4;masters degree;2.354072769;47.00121203;-95.74510833;0;0
15404;63.99;3;bachelor/diploma;3.033351086;46.85528811;-78.48875167;0;0
11681;58.11;3;bachelor/diploma;3.015041497;41.18073124;-89.93486631;0;0
10046;33.85;1;bachelor/diploma;2.43808665;43.89930743;-79.21726915;0;1
9979;36.85;2;masters degree;2.562172308;41.36816723;-84.75719075;1;0
15478;55.38;3;bachelor/diploma;3.742352111;43.97382387;-77.61381983;1;0
17219;52.3;2;bachelor/diploma;3.787507483;35.80250077;-94.10537608;0;0
18025;34.17;2;bachelor/diploma;2.854721903;40.18168022;-83.19404847;1;1
15860;23.7;1;bachelor/diploma;3.308847308;43.5638344;-90.49672854;0;1
11720;44.13;3;masters degree;2.869680024;36.93882761;-78.55651791;0;0
11443;39.87;2;bachelor/diploma;2.819015118;44.57635588;-83.57747761;0;0
13678;45.15;3;bachelor/diploma;2.279749074;41.69573786;-77.67626285;1;0
5446;36.27;3;masters degree;2.249631254;37.81159414;-93.51855049;1;0
8171;50.07;3;masters degree;3.82508535;38.13206411;-102.407526;0;0
11766;52.02;2;bachelor/diploma;3.585884538;37.27382126;-91.05447693;0;0
13788;70.78;2;bachelor/diploma;2.217461893;43.65398392;-87.75783437;1;0
15347;60.51;3;masters degree;2.841266538;41.03140763;-93.15369624;1;0
13415;52.2;2;masters degree;3.372635359;43.66153575;-85.35472305;0;1
17137;73.68;2;high-school;3.879477401;47.01754579;-78.586214;0;0
10269;48.52;2;bachelor/diploma;3.461884467;38.68483961;-85.20216754;0;0
6300;53.52;2;masters degree;3.700568673;37.55884298;-90.88022128;1;0
20037;28.41;1;bachelor/diploma;2.821458008;39.26473587;-76.11542881;0;1
6535;59.37;3;masters degree;3.262011471;40.76157889;-91.50114203;1;0
12410;64.76;1;bachelor/diploma;3.972789379;37.77750559;-99.70360376;0;0
10129;51.22;2;masters degree;2.760069445;36.85172207;-96.38717071;1;0
9918;48.28;2;masters degree;3.342782808;37.9874652;-86.85760435;1;0
14948;52.52;5;masters degree;1.877110401;45.84986139;-79.72115039;0;0
9328;61.27;3;masters degree;2.557944852;42.03856848;-95.62236443;0;0
6594;48.98;3;masters degree;2.700362906;36.92416094;-92.69767472;1;0
18566;83.84;3;bachelor/diploma;3.201447503;40.59739668;-85.72669342;1;0
8262;45.97;3;masters degree;2.875943614;37.29833157;-89.37981224;0;0
14124;38.29;2;bachelor/diploma;2.684185357;36.18640724;-78.76546176;1;1
12424;38.76;2;bachelor/diploma;3.206459285;38.52647951;-81.61451798;0;1
12318;45.41;3;bachelor/diploma;2.22373296;46.75969383;-83.62051233;1;0
9592;60.74;3;bachelor/diploma;2.712152785;46.6423938;-89.52900323;0;0
14577;47.21;2;bachelor/diploma;2.730401689;38.24069821;-77.18719415;0;1
5876;74.42;2;bachelor/diploma;3.534014496;42.63617796;-99.06027862;1;0
11338;49.44;1;bachelor/diploma;4.164540141;41.52394633;-82.88564978;1;1
7611;49;2;masters degree;1.939958689;43.17615789;-88.4612543;1;0
12206;47.18;4;bachelor/diploma;2.995176077;42.63607861;-78.75400316;1;0
14601;35.79;1;bachelor/diploma;3.379763559;37.55799991;-79.01291991;0;1
8110;40.11;2;masters degree;2.867603584;39.5632748;-89.30617489;1;0
7148;33.93;3;masters degree;1.812952372;38.63143701;-89.55487806;1;0
16744;49.37;3;bachelor/diploma;3.393621908;43.759883;-76.7207792;0;0
12407;71.23;3;masters degree;3.940326059;44.33715166;-89.37391204;0;0
13237;60.06;2;masters degree;3.717295607;40.48397767;-90.45836465;1;0
6859;40.44;4;masters degree;3.051191585;39.849674;-92.41415109;1;0
9784;50.46;1;bachelor/diploma;3.80624536;44.6844647;-85.20143329;0;1
7869;48.52;3;masters degree;3.225789474;37.23895532;-89.04787767;0;0
17965;42.48;2;masters degree;3.238231224;40.05854057;-81.79390467;1;1
4485;42.48;3;higher education;3.028292815;37.51174586;-98.27994911;1;0
9846;51.45;2;masters degree;3.32591761;43.24926978;-85.10750427;1;1
11573;78.49;3;bachelor/diploma;3.338436832;42.12744052;-98.44615976;1;0
5189;35.79;3;masters degree;3.000357053;41.22173007;-96.62001444;1;0
18694;59.62;3;high-school;2.527928627;42.72886499;-73.82502658;1;0
10571;64.12;3;bachelor/diploma;2.666348159;40.62378813;-98.80717512;0;0
5066;73.4;1;bachelor/diploma;4.67328334;40.74504697;-96.53565138;1;0
12058;34.88;1;bachelor/diploma;3.317842829;38.72036178;-80.32044195;1;1
14102;64.68;3;masters degree;3.00267805;41.33664129;-95.80837508;0;0
6698;69.08;3;masters degree;3.119581986;45.31702535;-101.4010562;0;0
9212;69.95;3;masters degree;2.87615745;45.62626422;-91.21552523;1;0
12544;34.88;2;masters degree;3.852171329;35.35528215;-79.28037873;1;0
12045;48.99;2;masters degree;3.614418226;38.66398034;-84.93897937;1;0
6262;39.56;3;masters degree;2.978414595;42.28682796;-92.91961178;0;0
17729;43.12;3;bachelor/diploma;2.604028359;43.72688995;-72.83357233;1;0
11182;70.59;4;masters degree;1.591488556;45.26685994;-98.98581287;1;0
4981;70.72;2;masters degree;3.443842069;39.41838286;-103.86048;1;0
6001;65.48;2;masters degree;3.402224161;39.53588901;-98.46148536;0;0
11027;74.44;4;bachelor/diploma;3.612836705;48.22288379;-84.45729801;0;0
11754;43.59;3;masters degree;1.956187852;32.97271495;-78.91586156;1;0
11227;45.98;3;bachelor/diploma;3.452249587;43.40760104;-83.63840964;0;0
6935;72.08;2;bachelor/diploma;3.272999875;46.3433116;-98.6225338;0;0
12267;17.37;2;bachelor/diploma;3.405792139;44.27655028;-74.2356102;1;1
9438;65.15;2;masters degree;4.212641299;42.01484982;-87.89444818;0;0
12670;49.2;3;masters degree;2.379988098;38.03634535;-81.23822632;0;0
10044;49.17;2;bachelor/diploma;4.768489143;37.72224433;-80.56680329;1;0
10859;54.32;2;bachelor/diploma;2.765857085;44.03955572;-78.45808527;0;1
13241;54.13;4;bachelor/diploma;2.654444141;42.73158931;-80.60079356;1;0
10374;45.32;2;bachelor/diploma;2.335329152;49.14136418;-80.32119947;1;1
10415;60.84;4;bachelor/diploma;2.38553031;44.60314939;-87.59350002;0;0
16254;53.83;3;masters degree;2.993322861;41.94663053;-84.95522171;0;0
9898;35.34;3;masters degree;2.163558059;43.57992649;-89.63430253;1;0
10041;41.93;3;masters degree;1.734660247;40.85755125;-82.23293457;1;0
15607;71.07;1;bachelor/diploma;3.678768682;37.35151756;-107.5664891;0;0
10299;33.62;1;masters degree;3.730098981;38.0512957;-77.45942535;0;1
6648;55.4;3;masters degree;2.642020422;44.69507848;-99.11949698;1;0
7734;49.3;2;bachelor/diploma;2.510815684;40.34135366;-82.96478061;0;1
5892;44.11;3;masters degree;2.484613597;39.7566672;-91.2483972;0;0
15771;50.12;3;bachelor/diploma;3.004909002;46.00133493;-74.78041899;0;0
11503;61.39;1;masters degree;4.994574984;39.71386424;-86.62514298;1;0
11158;49.69;2;masters degree;3.026476315;36.90574222;-93.1384567;1;0
13263;54.48;2;bachelor/diploma;3.267744536;37.96834514;-93.68343369;1;0
15166;50.46;4;bachelor/diploma;2.193577051;43.56151611;-77.59759882;0;0
13164;42.56;3;bachelor/diploma;1.983792919;40.62182076;-79.85725927;0;0
11409;47.24;3;masters degree;3.789377367;35.14399414;-78.99502533;1;0
5367;38.22;2;masters degree;3.476310256;39.85764361;-92.74386044;0;0
11963;52.48;2;bachelor/diploma;2.957602977;41.53590406;-80.73142507;1;1
18626;29.79;1;bachelor/diploma;2.451069333;39.96679803;-86.35734058;0;1
13588;55.77;2;bachelor/diploma;1.991481082;41.99235681;-85.9355348;0;0
7487;46.56;4;masters degree;2.357131149;37.79552478;-88.65082453;0;0
1430;42.1;2;masters degree;3.614127154;43.75620932;-81.38489305;0;1
11570;54.79;4;bachelor/diploma;2.289609815;43.11966517;-86.33795912;1;0
13333;62.82;2;bachelor/diploma;3.659562139;38.80436491;-96.95130705;0;0
9361;47.39;3;masters degree;2.754981201;40.45289618;-84.70352203;1;0
9690;62.8;3;bachelor/diploma;2.131203342;47.07827772;-90.22426512;0;0
10402;45.64;2;masters degree;2.440172672;38.55075886;-82.42289984;1;1
17673;64.7;2;masters degree;2.452704837;38.68425627;-105.0978754;0;0
9727;71.66;3;bachelor/diploma;2.616795012;41.7995704;-102.9889964;1;0
17041;37.27;2;bachelor/diploma;2.19789074;39.62125659;-85.16397257;1;1
16149;57.41;3;bachelor/diploma;2.899821794;38.26599908;-87.27044384;0;0
10494;47.15;4;bachelor/diploma;2.312168733;42.35055876;-81.22991396;0;0
9970;50.97;2;bachelor/diploma;3.821631635;37.51695045;-89.14604686;1;0
9568;46.03;4;masters degree;2.810457142;41.54766743;-90.00232466;0;0
7017;57.41;3;masters degree;2.817269409;40.76964535;-91.66374315;1;0
5570;57.35;3;masters degree;2.594325469;43.30813558;-86.45387538;1;0
7878;68.63;2;bachelor/diploma;3.064376424;41.33488211;-99.19167448;0;0
10754;53.13;3;masters degree;3.820024345;37.38871137;-81.39817097;0;0
7797;37.23;4;masters degree;3.323593833;41.30976316;-91.00867886;0;0
10104;55.15;3;bachelor/diploma;2.837458795;41.76490712;-87.30611974;1;0
8926;46.3;2;masters degree;3.039438651;41.24187218;-82.14510849;0;1
14772;43.29;2;bachelor/diploma;2.856780885;47.21773894;-83.29062234;1;1
14131;49.59;2;bachelor/diploma;2.697024332;38.33748498;-77.60470825;1;1
13722;51.2;3;bachelor/diploma;2.831958534;39.25412816;-78.43268192;1;0
4066;43.3;4;masters degree;2.494424219;47.12774902;-93.28090428;1;0
12474;37.79;3;masters degree;2.756642933;39.16162456;-78.42367743;1;0
8437;40.09;3;masters degree;2.387917753;41.65473347;-91.6718005;0;0
12374;45.76;2;bachelor/diploma;3.178548771;40.10305468;-83.9462342;1;1
9016;50.73;2;bachelor/diploma;2.801152616;41.86022378;-84.85378922;0;1
3125;63.38;4;masters degree;2.77494082;45.27279322;-86.25645887;1;0
15712;32.4;1;masters degree;3.842602845;37.657024;-80.08157976;0;1
12642;75.29;2;bachelor/diploma;3.453855722;41.15846674;-103.8149722;1;0
16121;20.48;1;bachelor/diploma;1.986196559;41.69400681;-90.50280531;1;1
6459;55.1;2;bachelor/diploma;3.805140906;38.44594673;-90.29985373;0;0
12442;46.03;1;masters degree;3.639977396;41.76671163;-82.91802488;1;1
12164;54.82;4;bachelor/diploma;3.043784047;40.89300134;-90.11924497;0;0
8894;63.24;3;masters degree;3.971591597;43.11404716;-100.7144487;1;0
9936;66.49;3;masters degree;2.357148125;41.68225095;-100.5406633;1;0
9438;48.83;2;bachelor/diploma;2.627300209;49.14890505;-81.99637697;1;0
8066;83.74;4;bachelor/diploma;2.667257168;48.83295834;-96.77628648;1;0
8868;46.78;3;masters degree;2.784174531;43.49352684;-90.22366371;0;0
959;64.41;3;masters degree;4.442841146;44.71450166;-111.6269024;0;0
6775;27.98;0;masters degree;4.461117248;34.63931132;-76.21930444;0;1
11144;74.52;2;bachelor/diploma;3.786296847;40.41016507;-103.3908094;1;0
14466;73.46;1;bachelor/diploma;4.105140702;37.18533131;-107.753666;1;0
7951;48.66;3;masters degree;3.344224989;44.99433592;-91.81795995;1;0
11621;61.38;2;masters degree;4.065606246;42.1755327;-85.45926062;1;0
15469;60.52;3;bachelor/diploma;3.488863221;46.04847473;-78.28006476;1;0
9263;76.1;1;bachelor/diploma;4.092369708;40.11659219;-103.9008171;0;0
6563;64.9;3;bachelor/diploma;3.353523597;48.10541141;-93.96398173;0;0
13620;62.34;4;bachelor/diploma;2.802737612;38.44508865;-91.58910268;1;0
13001;26.6;1;bachelor/diploma;2.634868325;43.32324632;-88.2721066;0;1
16687;69.58;4;bachelor/diploma;2.544894971;46.4182921;-90.88520701;1;0
12705;74.47;3;masters degree;3.204385879;42.82764716;-100.438426;0;0
9863;58.16;3;bachelor/diploma;2.861361198;43.42789662;-91.26851171;1;0
14956;53.81;3;bachelor/diploma;2.201042798;40.12224879;-78.27043144;1;0
5299;47.17;4;masters degree;2.925680443;49.02220983;-90.59435332;0;0
6883;36.39;1;masters degree;3.567263496;39.13764578;-78.97121549;1;1
14863;56.56;2;masters degree;3.564270534;36.8938877;-96.69857349;0;0
7671;60.16;1;masters degree;4.232302956;37.96639449;-93.11752019;0;0
15940;64.85;3;bachelor/diploma;3.315287213;44.72340698;-85.91199109;0;0
10291;61.7;4;bachelor/diploma;2.329423939;44.37377128;-89.68072396;0;0
17147;59.88;2;high-school;2.562298525;47.57065202;-86.01590151;0;1
11140;44.56;3;masters degree;3.106392488;35.355858;-83.87039876;0;0
12126;45.3;1;masters degree;3.773302376;41.00781888;-81.38282535;0;1
15268;60.45;3;bachelor/diploma;3.147915213;39.43777645;-87.29804449;0;0
8928;58.19;3;bachelor/diploma;3.432164601;47.65501695;-91.32345894;0;0
6817;46.1;2;bachelor/diploma;3.615825855;45.03059814;-85.36250753;1;1
9339;41.22;2;masters degree;2.679863018;36.77499348;-82.64264772;1;0
6182;63.98;2;bachelor/diploma;3.804379504;40.0616546;-94.15920612;1;0
11490;64.92;2;masters degree;3.147048552;40.31221292;-98.13779573;0;0
10706;41.1;1;bachelor/diploma;3.957074394;39.76140554;-80.51300422;1;1
11015;49.27;4;bachelor/diploma;3.06885882;45.69229248;-86.5185751;1;0
6652;60.8;1;bachelor/diploma;4.797144933;37.05032594;-93.4668047;1;0
3867;58.79;3;masters degree;3.665033112;51.12293452;-93.88025593;1;0
9637;41.54;3;bachelor/diploma;2.568776617;45.77772398;-88.18378283;1;0
10664;60.84;3;bachelor/diploma;3.040949536;43.66678209;-92.53908496;0;0
6152;57.95;2;bachelor/diploma;3.25864169;36.8749053;-99.00468216;1;0
15590;42.5;2;masters degree;2.926086741;38.2531845;-81.46307309;1;1
20070;20.99;2;bachelor/diploma;2.307929326;42.00600302;-91.73447141;0;1
9437;46.88;2;masters degree;3.06072364;39.33961911;-82.67069027;0;1
6776;41.92;2;masters degree;2.628310071;37.41439841;-80.30550674;1;1
8444;45.33;2;masters degree;3.356670362;41.0068322;-83.01174059;1;1
11729;59.33;2;bachelor/diploma;3.922484514;39.93695236;-89.70055276;1;0
14036;57.44;3;bachelor/diploma;2.78346035;41.71115684;-87.25374879;1;0
6212;43.56;2;bachelor/diploma;3.087349571;42.07416208;-84.0461565;0;1
17408;78.95;1;bachelor/diploma;4.339075008;38.94573119;-107.8685921;1;0
8164;36.99;1;masters degree;3.114891795;34.37465713;-78.80740517;0;1
12287;65.45;3;bachelor/diploma;2.919156857;46.99468163;-85.76363864;0;0
5009;38.29;3;masters degree;3.012746268;42.84550511;-96.45985;1;0
16401;51.02;3;bachelor/diploma;1.776465145;35.80005094;-67.72072221;1;0
11056;48.77;3;masters degree;2.210934453;39.89056291;-87.40657085;0;0
6743;52.64;3;masters degree;3.45602359;45.93911046;-95.44708243;0;0
12611;52.08;2;bachelor/diploma;2.645373628;42.42597789;-85.27958802;1;1
7595;72.14;3;masters degree;3.369221377;44.15284509;-99.28178645;1;0
9343;85.81;3;masters degree;2.676401386;45.50590131;-106.7767061;1;0
9282;40.91;2;masters degree;2.772725041;38.42645295;-81.86626294;1;1
10573;56.85;4;masters degree;2.698450855;43.852861;-83.97274408;0;0
11349;55.68;3;bachelor/diploma;2.05340101;40.71719218;-79.78624917;0;1
8007;39.04;2;bachelor/diploma;3.312602533;38.52702214;-79.73501433;0;1
13943;56.79;2;bachelor/diploma;3.398780758;38.94007081;-76.44762769;1;1
8416;55.76;3;masters degree;2.973792475;44.11370555;-81.38891079;1;0
15493;59.78;3;high-school;3.217648596;48.42741152;-76.32195172;0;0
10820;81.73;3;masters degree;2.711335218;45.78903283;-102.0314555;0;0
15809;43.96;3;bachelor/diploma;3.546464862;41.89912709;-82.09314734;0;1
5864;58.67;3;bachelor/diploma;3.374058205;44.22898935;-81.84201475;1;0
10067;35.59;4;masters degree;2.491537073;43.5492163;-85.84159308;0;0
15805;68.42;1;bachelor/diploma;2.698153346;43.24471383;-85.2956859;0;1
11828;50.47;3;bachelor/diploma;2.308335113;40.91911649;-82.01899372;0;0
12000;35.38;4;masters degree;2.586957155;40.4160748;-80.16712784;1;0
7923;35.69;3;masters degree;2.342882874;37.58363188;-84.50059279;1;0
5628;44.02;3;masters degree;3.278296489;44.04801805;-97.08311881;1;0
5596;76.14;3;bachelor/diploma;3.178801101;44.19602149;-97.73715014;1;0
13657;57.52;3;masters degree;3.252172103;37.21580673;-95.02770511;1;0
12351;60.5;2;masters degree;3.74042164;38.51968277;-94.70515607;1;0
8306;37.44;3;masters degree;2.959631433;34.28635705;-87.61771776;1;0
11890;38.22;4;bachelor/diploma;3.370995312;41.33968675;-82.31090252;1;0
9696;55.15;2;masters degree;2.536521446;42.62012101;-85.06774413;1;1
7755;58.18;5;masters degree;1.664073258;46.80319255;-83.95351924;1;0
6958;36.96;3;masters degree;2.469786406;39.96987374;-92.28517752;0;0
11468;47.17;2;bachelor/diploma;3.134780998;41.41116892;-82.59106686;0;1
9767;47.65;2;masters degree;2.478146937;38.80194305;-81.53283578;0;1
8811;77.55;3;bachelor/diploma;2.5038274;45.707425;-100.1974915;1;0
15280;64.84;1;bachelor/diploma;4.303635486;37.73481099;-97.67827658;1;0
17363;52.76;2;bachelor/diploma;3.440982952;36.74824669;-74.05553777;1;1
9758;45.93;2;bachelor/diploma;2.752347119;41.00378802;-83.64050595;0;1
8304;46.04;2;masters degree;3.343036338;43.53619155;-84.30424483;1;1
10504;71.17;3;bachelor/diploma;2.64738579;42.83053307;-100.2598982;0;0
13888;32.37;1;masters degree;3.977644969;35.02444846;-77.46466346;1;1
6358;29.94;0;bachelor/diploma;4.560404996;38.37621007;-78.42133452;0;1
8413;59.79;2;masters degree;2.952489657;39.82016208;-96.56170942;0;0
4386;61.58;3;masters degree;3.349472263;50.0825038;-92.58997281;1;0
7733;54.7;2;bachelor/diploma;3.930656397;38.80576941;-88.72945878;1;0
11363;62.6;2;masters degree;4.585972767;40.07575024;-88.88409343;0;0
11153;46.24;2;bachelor/diploma;2.458189233;40.93169634;-83.12219372;0;1
12369;54.96;2;bachelor/diploma;2.871610245;45.32846929;-87.41478454;0;1
11754;41.21;2;bachelor/diploma;2.11953798;43.02101535;-79.07137454;1;1
5214;75.3;4;bachelor/diploma;2.035362184;47.19293431;-97.01751917;1;0
10560;55.25;2;masters degree;2.760146645;44.17205782;-85.92991587;0;1
9587;65.69;3;bachelor/diploma;2.94370573;44.35646059;-94.79222961;0;0
8816;62.62;3;masters degree;3.488139964;41.82291803;-90.30264515;0;0
6768;42.24;2;masters degree;2.705796514;44.144209;-92.52581787;0;0
583;42.41;2;masters degree;2.158352222;47.2639114;-85.90779413;0;1
5338;57.45;3;masters degree;3.585144095;41.61323286;-85.35953218;1;0
10346;67.15;3;bachelor/diploma;2.345663977;51.9397264;-84.75259748;1;0
12044;5;1;bachelor/diploma;2.709627086;43.36189622;-74.32515484;0;1
12724;61.39;3;bachelor/diploma;2.166351317;45.35243774;-87.18195102;1;0
10735;58.49;3;bachelor/diploma;2.852948425;48.91760578;-83.22611708;0;0
12251;45.49;3;bachelor/diploma;2.49161026;40.88590829;-86.97768684;0;0
12297;68.29;4;bachelor/diploma;3.07239399;42.49009493;-91.07707243;0;0
6352;40.32;3;higher education;2.865832516;34.65498372;-91.1062448;0;0
7663;57.09;2;bachelor/diploma;3.374730932;38.17525489;-95.41513874;0;0
9406;67.68;2;bachelor/diploma;4.175717818;41.05633272;-93.70437766;1;0
14426;76.38;2;bachelor/diploma;3.385979171;42.63845549;-101.6861495;1;0
10115;66.83;3;bachelor/diploma;3.023686105;49.95868291;-87.77874981;0;0
15449;45.75;3;bachelor/diploma;3.076281803;41.556593;-79.32456985;0;0
4639;41.29;3;masters degree;2.621547286;42.29379087;-99.67587798;1;0
13533;20.12;1;bachelor/diploma;2.477857737;43.46370661;-75.67308566;1;1
6980;52.61;2;masters degree;3.278897961;41.6074527;-81.77010861;0;1
15937;47.27;2;bachelor/diploma;3.177829991;39.59348433;-78.27642582;0;1
11682;57.18;2;bachelor/diploma;2.788176854;49.24013691;-77.95529242;1;0
9924;46.89;1;masters degree;4.244339139;35.01133367;-88.88306339;1;0
5607;45.45;3;masters degree;3.330984694;45.68395685;-94.61935772;1;0
15068;61.84;4;bachelor/diploma;1.867572404;40.14654996;-89.54055279;0;0
12644;42.95;1;bachelor/diploma;3.687576609;40.8877224;-83.22366193;0;1
7916;41.68;3;masters degree;3.364932577;41.81042228;-91.09253167;0;0
19124;38.72;2;bachelor/diploma;3.910096186;39.10632585;-80.92618459;0;1
13209;69.14;2;bachelor/diploma;2.843040849;47.3516514;-85.23654455;0;1
14798;79.57;2;bachelor/diploma;2.320294052;45.82737909;-91.66144632;0;1
8106;52.87;2;bachelor/diploma;2.963222219;43.68824937;-86.71476567;1;1
6315;57.05;3;masters degree;3.35906676;44.98728687;-78.55302382;0;0
8590;70.06;2;bachelor/diploma;4.063840944;42.56436769;-92.24873517;0;0
9274;63.32;3;bachelor/diploma;2.662414052;42.28617517;-94.55231503;0;0
16144;40.71;2;bachelor/diploma;2.214629869;45.83816446;-79.93206214;0;1
15907;40;2;bachelor/diploma;2.904181329;38.55780385;-81.42281273;0;1
17721;23.36;1;bachelor/diploma;2.444269941;40.75496617;-89.87528644;1;1
9526;60.51;3;bachelor/diploma;1.782115523;40.94902326;-99.41436368;0;0
10432;50.84;2;bachelor/diploma;2.990818194;42.9704907;-83.93311174;0;1
9161;65.2;3;masters degree;2.769643266;42.4254906;-94.77131981;1;0
13158;47.64;2;bachelor/diploma;2.426432432;39.4551767;-83.78797354;1;1
11962;69.27;3;bachelor/diploma;2.74097046;44.07821995;-95.79754945;0;0
14230;27.24;1;bachelor/diploma;2.518849968;46.9747136;-79.68004868;1;1
15594;54.26;1;bachelor/diploma;3.156577704;37.82296916;-76.21484414;0;1
19632;39.67;1;masters degree;3.560090524;38.87284132;-79.87185047;1;1
11564;48.51;3;masters degree;2.680995662;38.79439027;-89.18481986;0;0
12782;37.26;3;masters degree;2.475134926;39.08746052;-79.06266582;0;0
10367;33.2;3;masters degree;3.340998838;38.99559491;-83.23631065;1;0
9233;53.4;2;masters degree;2.822618494;45.43513746;-86.91052275;1;1
3692;46.7;3;higher education;3.642813973;36.90018083;-99.64353245;1;0
12724;32.6;1;masters degree;3.998373443;36.1641943;-77.96482322;1;1
11484;56.48;2;masters degree;2.662150963;38.21752969;-97.41224085;0;0
24614;53.83;3;high-school;2.203555893;39.38584698;-66.3854617;1;0
9748;51.15;3;bachelor/diploma;2.408784144;46.59254699;-91.54065018;0;0
14664;41.02;2;bachelor/diploma;2.928138185;40.79079179;-82.20823294;1;1
13976;73.57;3;bachelor/diploma;2.725200807;42.94397765;-89.69354875;1;0
12626;83.56;1;bachelor/diploma;3.435517253;37.77532574;-119.6462;0;0
10637;50.34;3;masters degree;3.103869281;40.0236579;-95.28188648;1;0
5487;76.66;3;masters degree;2.615768487;45.98000993;-104.0832271;1;0
12365;67.15;2;bachelor/diploma;3.124342651;41.69708023;-94.58808138;0;0
5055;50.9;2;masters degree;2.741708635;43.75752676;-84.75574226;0;1
16186;34.45;2;bachelor/diploma;2.466441626;42.01020749;-82.94903827;1;1
10479;56.22;3;bachelor/diploma;3.281067896;44.69789656;-86.74128923;1;0
13415;61.73;2;bachelor/diploma;2.392428412;36.52927059;-108.2436066;1;0
13502;70.17;4;bachelor/diploma;2.229849238;47.47321931;-80.90736193;0;0
12997;51.7;3;bachelor/diploma;2.883512669;43.91098307;-84.72736269;0;0
9516;54.59;4;masters degree;3.754549445;42.63292802;-91.70561061;0;0
4525;40.92;2;masters degree;2.166503519;49.32016502;-83.06121247;0;1
3658;52.57;3;masters degree;2.50849358;44.94217641;-99.63984749;1;0
9396;73.35;3;bachelor/diploma;3.095982648;51.82215632;-87.90777827;0;0
7456;38.98;3;masters degree;2.96235513;37.33620193;-89.80871155;0;0
11043;70.54;3;bachelor/diploma;2.386322963;41.8568017;-103.7816666;0;0
9777;78.59;3;bachelor/diploma;3.647741757;48.11704456;-88.8058924;1;0
14691;70.75;2;bachelor/diploma;2.143437179;44.65642756;-86.07851939;0;1
13949;55.27;3;bachelor/diploma;2.913381435;40.77014254;-88.55239918;1;0
17036;46.39;2;bachelor/diploma;2.665743616;38.25531725;-81.57510332;0;1
9065;57.35;4;masters degree;3.220096348;41.52772685;-96.15907727;0;0
14765;52.59;3;bachelor/diploma;2.761770417;42.68858184;-84.20146756;0;0
10739;35.66;4;masters degree;2.822394708;37.73402095;-78.81634356;1;0
11045;66.93;1;masters degree;4.35912628;36.33094949;-102.5754304;1;0
15014;46.42;3;masters degree;1.962452258;39.03168609;-83.53843911;1;1
10538;69.02;3;bachelor/diploma;2.819286549;46.12428104;-89.31083401;1;0
7885;65.51;3;bachelor/diploma;3.539700635;46.27660762;-95.67579347;0;0
9238;36.13;3;masters degree;1.83981817;40.59632998;-87.01454069;0;0
13837;63.89;3;bachelor/diploma;2.772023689;43.95343356;-90.10003601;1;0
12751;40.37;2;bachelor/diploma;2.977177221;46.94027044;-80.32340058;0;1
15642;47.36;2;bachelor/diploma;3.527644269;41.87911756;-83.39522451;1;1
5239;42.35;4;masters degree;2.620286902;38.08182341;-95.32034007;1;0
13296;49.82;3;bachelor/diploma;2.809486078;43.18297928;-79.67698809;1;0
16001;76.23;2;masters degree;3.252559754;41.7097433;-103.7148966;0;0
7018;50.02;3;bachelor/diploma;2.733027479;47.9607088;-89.67579913;1;0
15919;75.4;2;masters degree;3.104131585;38.20752599;-112.1300827;0;0
7112;5.42;2;masters degree;2.292300865;49.0195969;-75.28053245;0;1
9286;72.64;3;masters degree;2.903909467;39.81729287;-106.3946786;0;0
14882;57.87;3;bachelor/diploma;2.815965704;44.26696752;-81.06481859;0;0
6963;43.07;2;bachelor/diploma;2.411761336;38.02604666;-82.33719942;1;1
14918;60.54;3;bachelor/diploma;3.431649709;37.76665679;-89.57823832;1;0
17402;29.59;2;bachelor/diploma;2.636094086;41.8918099;-87.91049063;1;1
2041;47.85;2;masters degree;3.228094619;37.167247;-89.59728424;0;0
12030;63.35;2;masters degree;2.636620345;39.37278475;-101.7869776;1;0
11616;47.61;3;bachelor/diploma;1.857161707;40.12301416;-89.90106065;1;0
17744;44.3;2;bachelor/diploma;3.304529377;42.86217328;-81.23278246;1;1
10898;47.26;3;bachelor/diploma;2.889555285;44.05603372;-84.38256191;1;0
8818;37.57;1;bachelor/diploma;3.232921107;36.33779903;-79.95925394;0;1
9021;45.39;3;masters degree;3.684688558;39.15964753;-86.14614814;1;0
4200;44.14;3;masters degree;3.391532415;41.65434302;-100.8084224;0;0
7688;46.43;3;masters degree;3.698700845;39.1887748;-89.94126886;0;0
12997;62.02;2;masters degree;3.740289873;39.91775084;-92.89846051;1;0
5446;51.87;3;masters degree;2.914737847;39.32922348;-93.83609742;1;0
12105;59.2;2;bachelor/diploma;3.588462906;38.59212333;-94.42176956;1;0
4945;58.35;2;bachelor/diploma;3.471278203;40.93400467;-89.20144001;0;0
7782;63.17;1;bachelor/diploma;1.897900951;49.13427673;-86.2460061;1;1
8993;80.7;2;bachelor/diploma;2.833390878;38.16308761;-119.0673497;0;0
6300;41.33;3;masters degree;3.660713369;38.87178426;-92.43505104;1;0
10354;34.92;1;bachelor/diploma;3.826542063;38.07820422;-78.6090288;1;1
15011;12.15;3;bachelor/diploma;1.918240321;44.53698765;-74.29998613;0;1
6383;50.62;2;bachelor/diploma;2.758004422;42.71008905;-85.30249257;1;1
11009;52.91;4;bachelor/diploma;2.048636014;47.2658536;-82.20157176;1;0
6643;56.3;3;bachelor/diploma;2.917020368;49.08724532;-91.15314486;1;0
18422;25.53;2;bachelor/diploma;3.215196214;43.01166349;-78.77152661;1;1
9594;40.08;1;bachelor/diploma;3.654197008;36.80930858;-79.37649784;0;1
9426;46.03;4;bachelor/diploma;2.179211224;46.53548551;-91.926465;0;0
15690;48.15;2;bachelor/diploma;3.862122898;41.78870889;-77.45257284;0;0
11398;58.16;3;bachelor/diploma;2.30818001;44.34121078;-87.6431136;0;1
10244;51.19;2;bachelor/diploma;2.700240766;42.88681935;-86.59357485;0;1
4873;61.74;4;masters degree;3.443847874;46.43863477;-78.79945125;0;0
5616;44.53;4;masters degree;2.922066564;40.30305456;-94.31724991;0;0
6768;39.79;3;masters degree;2.428109175;44.84161462;-94.3477967;1;0
10068;55.02;2;masters degree;3.612659769;38.39623702;-90.78751965;0;0
9131;39.15;3;masters degree;2.224405538;40.75635145;-84.74255561;1;0
11781;63.72;4;masters degree;2.401947734;48.15522364;-82.0287687;1;0
8857;54.37;2;masters degree;3.918372157;37.149443;-92.05069076;1;0
5670;60.66;2;masters degree;3.700227902;39.77902712;-92.1564801;1;0
12125;48.85;2;bachelor/diploma;2.556465805;40.78176008;-85.05466639;0;1
11941;51.22;4;bachelor/diploma;3.483906493;45.19149471;-85.18589725;0;0
12352;51.84;3;masters degree;2.705690369;39.20716867;-91.59027195;1;0
6501;47.11;0;masters degree;4.776572941;30;-98.03567749;1;0
14032;62.41;1;masters degree;4.138147003;35.56881392;-101.8997304;0;0
16272;38.49;2;bachelor/diploma;3.507210649;39.9290478;-84.27774088;0;1
9151;54.33;4;bachelor/diploma;2.341293861;47.1941825;-89.96431063;1;0
10014;65.62;1;bachelor/diploma;3.735560654;37.36066281;-102.1706356;1;0
6165;75.52;3;masters degree;2.989282374;42.55588463;-102.7214465;0;0
11861;43.67;2;bachelor/diploma;3.191321177;43.09788589;-85.70980183;0;1
10336;41.36;5;masters degree;2.281662838;39.35218672;-79.94198924;0;0
9033;45.11;2;bachelor/diploma;2.006262684;46.70524572;-83.41433718;1;1
6771;39.3;3;masters degree;3.59130982;37.68708388;-90.18869535;0;0
9954;29.8;2;bachelor/diploma;2.058303171;43.97147295;-78.55256362;0;1
8170;51.3;3;bachelor/diploma;3.12004443;40.85006846;-84.81952886;0;0
13449;75.72;1;masters degree;3.90606195;38.31299718;-108.2869562;0;0
15031;50.35;3;masters degree;2.331513941;31.21860333;-68.75028265;1;0
9255;43.59;3;masters degree;2.477440046;41.26276431;-88.56477749;1;0
2406;54.8;2;masters degree;2.6087353;47.33097089;-84.93425726;1;1
8791;59;3;bachelor/diploma;2.778855264;41.04997393;-93.45725504;1;0
12488;67.58;3;bachelor/diploma;1.56379816;41.60274226;-105.4715519;1;0
12926;69.7;2;bachelor/diploma;4.476652567;41.68830823;-91.62812566;0;0
18389;42.8;2;bachelor/diploma;3.175522069;36.84283825;-78.65193092;1;1
10936;63.97;3;bachelor/diploma;3.461222334;42.89888241;-94.34801015;1;0
7520;75.31;3;masters degree;2.902777384;45.30489922;-96.64510773;0;0
14803;57.69;2;bachelor/diploma;2.85070536;38.67706781;-77.63034735;1;1
8308;50.13;3;masters degree;2.948264425;41.81719221;-91.52655034;1;0
15785;38.04;3;bachelor/diploma;2.321566109;39.66686829;-80.1183737;1;1
13774;50.84;2;bachelor/diploma;2.828510417;41.32999247;-82.27028617;1;1
10217;70.93;3;masters degree;2.122188594;41.38482367;-99.34152968;0;0
11794;52.39;3;bachelor/diploma;2.413900735;46.3817412;-78.95274921;1;0
12634;46.41;2;masters degree;3.537941356;38.68470582;-83.27673226;0;0
9408;39.63;2;bachelor/diploma;2.911011268;38.25018606;-80.89153225;0;1
9345;48.55;3;masters degree;3.020656653;43.03128374;-88.54543728;0;0
11029;79.32;3;bachelor/diploma;2.928277955;46.81360304;-95.93767711;0;0
2891;71.33;2;bachelor/diploma;3.906389638;41.53769964;-96.96694333;1;0
11103;40.2;2;bachelor/diploma;3.135629576;47.46581187;-81.04253733;0;1
16320;70.28;3;bachelor/diploma;3.644583619;36.87694371;-91.5803956;0;0
17509;42.39;2;masters degree;3.380281302;40.54023495;-81.55956605;1;1
9783;56.62;2;bachelor/diploma;3.469093493;37.79017621;-94.79186769;1;0
14436;73.01;3;bachelor/diploma;2.611780172;38.64668122;-94.28259809;0;0
8837;51.77;3;masters degree;3.27466237;44.02852973;-75.76458286;0;0
11702;68.76;3;bachelor/diploma;3.058062452;46.48244278;-86.35458658;1;0
1004;28.92;2;masters degree;2.769867691;43.94999897;-78.78980448;1;1
8855;42.41;3;masters degree;2.053965974;41.15935312;-86.97490523;0;0
7438;68.15;2;masters degree;4.132255067;43.27491627;-88.66049496;1;0
12632;42.56;4;masters degree;2.860475519;37.85277239;-79.41039455;0;0
7237;70.55;4;bachelor/diploma;1.720576608;46.60721676;-95.3154168;0;0
7264;65.48;3;bachelor/diploma;2.940610562;42.89514837;-93.39915714;0;0
4453;65.18;3;masters degree;2.851302864;44.33755508;-90.09076942;0;0
7882;42.46;3;masters degree;3.214888071;39.03780839;-80.17346059;0;0
11345;44.45;2;masters degree;3.418816939;37.4961655;-84.74031861;0;0
10679;68.96;3;bachelor/diploma;2.734959655;42.95774228;-97.37859605;1;0
4502;36.09;1;masters degree;4.205278762;34.21887286;-81.06105368;0;0
16944;36.21;2;masters degree;2.644875221;35.10381786;-79.02821589;1;1
7387;42.39;3;masters degree;3.556418886;43.3084307;-92.26707267;1;0
18916;22.68;2;bachelor/diploma;3.075865876;42.96848424;-87.58147119;1;1
12345;71.19;3;bachelor/diploma;2.622902972;42.59778613;-93.89826168;0;0
9219;67.57;3;masters degree;3.270322588;42.83305947;-93.25381099;1;0
18620;49.7;2;bachelor/diploma;2.816128163;38.02870599;-76.60082483;1;1
6598;55.02;3;masters degree;3.040689479;46.27301678;-94.77539922;1;0
13594;36.74;1;masters degree;4.74249829;42.59596526;-81.77249988;1;1
13145;71.67;3;masters degree;2.309145036;40.12216737;-108.2942013;1;0
14946;43.46;3;bachelor/diploma;3.07995028;41.59661091;-74.57314654;1;0
8488;36.81;3;masters degree;3.189875506;37.11779924;-79.92401475;1;0
8180;39.76;2;masters degree;2.720527789;37.37584529;-81.2104123;1;1
13769;38.34;2;bachelor/diploma;3.556199589;43.88988482;-79.42726163;1;1
3130;34.49;3;masters degree;3.273547501;41.99526627;-98.81562875;1;0
7575;47.58;2;bachelor/diploma;4.009225478;39.59610955;-79.64983448;1;0
13994;47.91;4;bachelor/diploma;3.000368818;38.19103232;-74.92793675;1;0
9280;38.65;3;masters degree;2.420036008;40.90463372;-87.64494118;1;0
10693;46.89;2;masters degree;4.264315916;39.39650535;-77.63809017;0;0
9193;49.72;3;masters degree;2.679243217;38.05414765;-86.16184426;0;0
13951;38.38;1;masters degree;4.088176095;40.32356105;-80.94033571;0;1
12252;50.19;3;bachelor/diploma;2.502477687;45.07345786;-81.67141846;0;0
8202;38;3;bachelor/diploma;3.884974415;47.27558219;-94.92096609;1;0
6964;56.64;3;bachelor/diploma;3.523886084;44.28840301;-79.78934287;0;0
10574;49.59;3;masters degree;2.796033417;41.58430237;-86.59548366;1;0
6448;39.38;3;masters degree;2.248158725;41.98304246;-94.97806311;1;0
10179;68.6;4;masters degree;2.601583244;49.09071008;-83.02663906;0;0
16786;70.73;2;masters degree;3.458503747;37.61438557;-107.715351;1;0
12423;60.66;4;bachelor/diploma;2.6219442;47.11754589;-81.74545852;1;0
14756;68.43;3;bachelor/diploma;3.431649215;41.93794946;-86.2100651;0;0
12568;43.69;2;masters degree;2.502783466;37.55310791;-80.50864181;1;1
7547;71.95;3;bachelor/diploma;3.413021491;46.31428759;-88.7414132;0;0
14435;46.11;2;bachelor/diploma;3.675331204;45.29132431;-82.77349171;1;1
11176;47.41;2;bachelor/diploma;2.651033342;43.27538845;-84.84633024;0;1
12315;43.59;2;bachelor/diploma;3.164250824;45.38938206;-81.75482462;1;1
20269;68.49;4;masters degree;2.722228902;45.87948306;-89.44700544;0;0
9166;69.75;3;masters degree;2.368490889;41.73336967;-103.1609641;0;0
18152;31.08;2;bachelor/diploma;2.880079061;44.46437436;-77.68310977;0;1
7752;52.14;2;masters degree;2.839833625;45.84921991;-92.03972592;1;0
13101;58.82;2;masters degree;3.56543119;41.00282737;-88.77582845;0;0
7006;38.86;3;masters degree;3.521516435;41.86561654;-92.91893994;1;0
7091;52.61;2;bachelor/diploma;2.457441577;50.05676294;-86.70136099;0;0
4264;67.54;4;masters degree;3.026723878;42.29822499;-108.7223892;0;0
14491;34.6;3;bachelor/diploma;1.456268188;41.11852312;-80.9378619;0;1
8982;33.93;1;masters degree;3.787775287;37.2155079;-78.16717657;1;1
10475;41.44;3;masters degree;1.825008082;40.64429089;-84.22230733;1;0
5025;45.31;4;masters degree;3.16873281;40.18111685;-92.98736708;0;0
12058;56.96;3;masters degree;3.268729327;39.37452494;-94.37933314;0;0
9153;61.72;2;bachelor/diploma;3.113952241;39.62093645;-97.65096342;0;0
11094;69.39;3;bachelor/diploma;1.892289227;42.92424833;-101.3715673;1;0
6795;38.5;3;masters degree;1.835863572;41.81147922;-93.22014308;1;0
12763;72.37;2;masters degree;4.188013528;42.36056142;-94.83185572;0;0
10422;42.81;3;bachelor/diploma;3.051363452;38.11775004;-83.65433713;0;0
8281;80.8;3;masters degree;3.534262929;43.04468343;-104.5639496;1;0
9722;66.66;4;bachelor/diploma;3.545425331;46.93521246;-90.60029966;1;0
10900;68.85;3;masters degree;2.691612484;44.33182343;-94.27340957;0;0
14619;45.54;2;masters degree;2.973366508;40.24294684;-84.25806704;0;1
9221;56.43;1;bachelor/diploma;3.80112338;34.77587796;-100.3123375;0;0
6749;54.36;3;bachelor/diploma;2.755639267;48.89706291;-92.09562914;1;0
6274;37.8;2;masters degree;2.969837704;36.76332079;-81.15897949;0;1
14547;44.26;2;bachelor/diploma;3.005773051;40.48721493;-77.10323526;1;1
21036;25.07;2;bachelor/diploma;3.133213242;38.68659336;-83.4515841;1;1
12223;80.24;1;masters degree;3.731717921;39.38710362;-111.3379113;0;0
8391;35.93;1;bachelor/diploma;4.415874275;38.71305586;-78.8264563;1;1
6224;65.32;0;bachelor/diploma;4.788193665;32.850636;-107.2973297;1;0
20416;29.94;1;bachelor/diploma;3.428568386;38.38368668;-84.60988244;0;1
5744;38.51;3;masters degree;2.809729473;38.32000463;-93.82743236;1;0
13621;45.02;2;masters degree;3.213722666;41.20417863;-83.81041468;0;1
10651;32.32;2;bachelor/diploma;2.905335926;45.41418713;-80.92338399;0;1
8880;48.51;3;masters degree;2.581801163;44.3589526;-90.11838844;1;0
9267;50.01;2;masters degree;3.390181652;41.95062024;-86.54554845;0;1
16286;66.86;3;bachelor/diploma;2.841774554;41.56874494;-98.30234834;0;0
13360;41.99;3;bachelor/diploma;2.66817189;46.65467499;-79.00266595;0;0
16251;64.69;2;bachelor/diploma;4.078579306;41.17860373;-90.80648856;0;0
9629;42.89;2;bachelor/diploma;2.625988639;37.26037883;-81.16570917;1;1
13506;69.48;2;bachelor/diploma;2.469594738;43.57666672;-88.35626368;1;1
6474;46.01;4;masters degree;2.727272814;43.49522406;-93.2972437;0;0
5995;53.16;3;masters degree;2.479365886;38.21586495;-94.7804806;0;0
15430;66.67;3;bachelor/diploma;3.185195195;40.3605242;-89.55336932;0;0
7457;44.03;3;masters degree;2.851621854;44.44148777;-91.03058842;0;0
14266;72.34;2;bachelor/diploma;1.980188929;45.92707829;-87.20510132;0;1
11239;66.84;4;bachelor/diploma;2.581856074;45.25414718;-90.23984516;1;0
12094;55.54;3;bachelor/diploma;3.117476689;44.67090363;-84.97947404;1;0
8966;56.94;3;masters degree;3.054317578;41.81014115;-87.64345023;0;0
13818;42.71;4;bachelor/diploma;2.935080742;42.4848204;-82.39004135;1;0
10493;55.44;3;masters degree;2.936451633;42.55366062;-85.52788541;1;0
14445;39.35;2;bachelor/diploma;3.299108856;39.80251026;-83.89686493;0;1
1925;30.74;3;higher education;2.300019146;35.56824065;-97.35555058;1;0
8677;43.96;3;masters degree;3.950529284;40.13129748;-75.08131672;1;0
15899;95.7;3;high-school;2.102986936;45.71427592;-86.12781108;0;0
10552;50.41;4;bachelor/diploma;2.300777581;44.77093033;-87.43476478;1;0
10282;53.98;2;masters degree;3.525487988;37.65279106;-93.01317743;1;0
21138;33.42;2;bachelor/diploma;3.212774912;37.1008394;-79.74937727;1;1
13129;59.75;3;bachelor/diploma;3.010431074;46.30107186;-83.23132978;0;0
9848;44.39;4;masters degree;2.683287536;42.74625242;-86.53140385;1;0
7166;33.29;3;masters degree;3.059000787;45.33185901;-94.28132;0;0
15179;55.97;2;bachelor/diploma;2.818982581;45.02838593;-87.1172166;0;1
9875;46.38;3;masters degree;2.505774068;39.97726424;-92.75149538;1;0
15111;36.95;1;bachelor/diploma;3.742811114;42.98777852;-83.14106422;1;1
13576;28.87;1;bachelor/diploma;3.639255336;43.73979739;-90.69581561;0;1
12584;60.11;3;masters degree;4.296953564;44.01851189;-78.96649769;0;0
17061;49.91;2;bachelor/diploma;3.254201971;39.80417612;-77.13324712;1;1
11257;56.38;2;bachelor/diploma;3.974219287;40.13246909;-85.69030293;0;0
12558;38.73;3;masters degree;2.141600146;37.07766697;-78.15630299;1;0
5109;15.17;2;masters degree;3.092397526;48.16071367;-78.36459814;0;1
12968;39.18;1;bachelor/diploma;3.68707792;38.12779339;-79.54437296;1;1
9386;41.32;1;bachelor/diploma;3.651338379;39.99047921;-81.11495044;1;1
17819;38.43;2;bachelor/diploma;2.467711341;37.58148557;-80.4816473;1;1
5222;37.37;3;higher education;3.852348441;36.86628135;-91.56656416;0;0
15675;77.27;1;bachelor/diploma;3.386830451;45.02840051;-87.24321418;1;1
9678;20.7;2;masters degree;3.082785442;44.59666718;-78.57561548;0;1
16893;67.74;3;bachelor/diploma;3.117481864;44.45230626;-80.62096201;0;0
10670;69.12;3;masters degree;2.115037041;42.39129428;-102.2032599;0;0
9652;69.63;4;bachelor/diploma;2.251472809;48.5435917;-87.06052459;0;0
9635;42.78;3;masters degree;3.022964306;39.83244538;-84.62465361;0;0
13326;49.21;2;bachelor/diploma;2.656845542;39.63437808;-76.14031256;0;0
7182;65.55;3;bachelor/diploma;2.622135349;44.84665423;-90.7853588;1;0
11572;30.89;1;bachelor/diploma;3.339920492;34.49810751;-77.35632439;1;1
9367;35.1;2;masters degree;3.010393241;38.01492741;-81.51006133;1;1
9999;44.46;3;masters degree;2.544634166;39.38111381;-83.48955691;1;0
7725;51.89;2;masters degree;3.125175335;42.93620689;-84.80771246;0;1
11869;53.43;2;bachelor/diploma;3.65075462;38.95954641;-87.58889801;0;0
13998;51.75;1;bachelor/diploma;4.347426973;46.52785404;-86.2381376;1;1
9614;77.64;3;bachelor/diploma;3.285490939;44.2413884;-97.11075503;1;0
11292;63.92;2;masters degree;2.658084438;37.86784208;-105.6906317;0;0
13819;67.33;3;bachelor/diploma;1.685677444;43.62487337;-85.91910981;0;0
11711;57.33;2;bachelor/diploma;3.20315113;35.54818158;-101.8624041;0;0
9044;57.82;1;bachelor/diploma;3.699057863;36.06481628;-99.11229687;1;0
12065;61.62;2;bachelor/diploma;3.553866619;36.93371407;-100.3948271;0;0
3647;67.82;4;bachelor/diploma;2.26779144;48.78736641;-84.80557318;1;0
7135;58.31;3;bachelor/diploma;3.274721212;40.78447486;-89.83823437;1;0
7785;48.09;3;masters degree;2.999786724;38.51901964;-89.41026212;0;0
14682;30.08;1;masters degree;3.694458542;35.87158899;-77.37524315;0;1
7265;32.29;3;masters degree;2.474731718;40.65572583;-86.63966387;0;0
20067;28.22;3;bachelor/diploma;2.708273051;40.16637657;-83.70170655;0;1
10415;60.37;3;bachelor/diploma;3.113025212;48.01198725;-83.73126848;1;0
6344;72.67;1;masters degree;3.893842696;35.25673019;-112.8796825;0;0
12803;64.11;2;masters degree;3.828456961;39.81624711;-94.36226731;0;0
17612;60.06;3;bachelor/diploma;3.301136749;42.51171371;-76.11626163;0;0
9402;45.75;3;masters degree;2.19544494;33.01029831;-78.51401156;1;0
12647;30.62;2;bachelor/diploma;2.786860448;43.58398578;-93.64776703;1;1
9902;27.59;1;masters degree;2.798214224;43.29093705;-81.36255848;0;1
11373;88.86;4;bachelor/diploma;2.080226253;41.12845572;-106.4231308;1;0
11524;41.6;2;bachelor/diploma;2.134001059;36.29207473;-80.80710528;0;1
11928;75.49;3;bachelor/diploma;3.048010665;47.76374984;-87.52238149;0;0
11039;72.19;2;masters degree;3.209108207;38.23480008;-109.3277295;1;0
7710;61.45;2;masters degree;3.48133193;40.50129161;-93.62842218;1;0
11743;56.24;3;masters degree;3.209236702;42.17583087;-85.45653811;1;0
12147;27.14;2;bachelor/diploma;3.275530684;45.13844317;-90.24415393;0;1
7974;39.2;1;bachelor/diploma;4.818443906;42.6013749;-80.61544109;1;1
9965;81.72;2;masters degree;4.122688605;41.55714777;-104.8186716;0;0
17064;55.62;4;bachelor/diploma;2.456563595;44.8848382;-74.40193003;1;0
10416;48.64;3;masters degree;2.795040075;39.35619236;-83.457818;1;0
14235;52.36;3;bachelor/diploma;3.694648845;44.63231164;-82.1759537;0;0
9154;56.87;1;bachelor/diploma;3.229167009;43.61434346;-83.51513882;1;1
11236;52.44;2;bachelor/diploma;3.177633044;45.30216142;-87.28964689;0;1
12771;50.98;3;bachelor/diploma;3.76281647;39.73610475;-79.69980888;1;0
10375;48.02;3;masters degree;3.494185071;41.14133275;-79.22939928;0;0
10997;48.57;2;masters degree;3.32411779;41.13923838;-83.96576967;1;1
4640;37.49;2;masters degree;3.127368497;36.46476935;-79.75964549;0;1
7553;50.97;2;bachelor/diploma;3.547039799;44.4858167;-86.13834723;0;1
13262;62.67;2;bachelor/diploma;3.58401295;50.20699965;-92.05203716;0;1
9345;60.78;4;bachelor/diploma;2.356587159;47.91505983;-86.29962009;1;0
9585;53.45;2;bachelor/diploma;3.951458465;39.65302415;-85.0904648;1;0
10342;49.96;1;bachelor/diploma;3.318218954;33.5675678;-99.87275555;1;0
6702;86.17;2;bachelor/diploma;3.012879444;46.07573251;-90.9544776;1;1
12483;53.33;3;bachelor/diploma;2.536608308;39.04999647;-94.15789598;0;0
10519;39.51;3;bachelor/diploma;2.844920644;48.37042621;-85.33618925;0;0
19109;35.3;1;masters degree;3.481309382;37.47662952;-78.24531413;0;1
7238;45.78;1;bachelor/diploma;4.500497447;33.70295408;-89.24069318;1;0
3598;42.19;4;masters degree;3.096987642;41.67894421;-98.99481585;0;0
10975;67.93;4;masters degree;2.278321617;45.3374997;-93.51803319;0;0
11334;64.78;3;bachelor/diploma;2.581818648;43.4431842;-92.9184593;0;0
11600;40.11;4;bachelor/diploma;3.341835131;46.23784282;-85.45010984;0;0
15393;71.33;2;bachelor/diploma;2.905285419;45.25656965;-83.76258428;1;1
12527;78.26;3;bachelor/diploma;2.248845327;42.17061397;-95.79996933;0;0
17210;62.03;2;bachelor/diploma;3.009997768;42.61251169;-79.13204264;1;0
16654;43.45;1;masters degree;3.832310872;40.93612377;-82.1153414;1;1
9416;49.96;4;masters degree;2.423311651;43.24767529;-81.32668683;1;0
14641;47.43;2;bachelor/diploma;3.131537855;42.46411262;-75.42217577;1;0
15298;45.97;2;masters degree;3.12500772;32.58307277;-72.67857211;1;0
10368;53.85;3;bachelor/diploma;3.409435242;44.74093505;-84.01152976;0;0
15751;63.9;3;bachelor/diploma;3.598317409;42.0576277;-84.88214949;0;0
9400;40.95;2;masters degree;3.099011182;43.27987427;-86.68268295;0;0
17143;40.85;1;bachelor/diploma;3.978809024;41.20252789;-82.34933876;1;1
7309;48.95;2;masters degree;2.981898498;38.08153415;-89.83572341;0;0
12582;48.5;3;masters degree;3.416155826;41.56748782;-79.19522025;0;0
6567;37.44;3;masters degree;2.566877842;37.673727;-89.87699691;1;0
15927;23.03;2;bachelor/diploma;3.534790572;42.73786408;-78.10088629;0;1
5171;36.08;4;masters degree;2.158049795;41.69073746;-96.64828648;1;0
4650;69.86;3;masters degree;3.220312884;41.95894915;-97.57603214;0;0
15965;41.08;2;bachelor/diploma;2.487128049;39.90336222;-79.68097234;1;1
12664;40.89;4;masters degree;3.381292673;38.20779187;-77.43644875;0;0
8139;65.42;2;masters degree;4.007264827;39.50488728;-95.83169212;1;0
7604;46.64;3;masters degree;2.906406246;40.27897311;-83.19648883;1;0
15185;23.04;2;bachelor/diploma;2.600199848;44.00534848;-92.81955061;0;1
1283;57.51;2;bachelor/diploma;3.8208628;39.81291641;-89.01310135;1;0
1747;37.4;3;higher education;4.295855821;41.92179792;-102.203757;1;0
11309;34.14;1;masters degree;3.962022968;39.10737279;-79.82393772;1;1
5820;57.13;3;bachelor/diploma;3.44529265;41.20071494;-87.20023692;0;0
6240;46.2;3;masters degree;2.413509109;37.69834276;-90.04392566;0;0
8285;45.65;3;masters degree;2.216223855;41.41064483;-87.98649256;1;0
10683;65.5;2;masters degree;3.764588833;41.03873049;-93.35552739;0;0
13030;48.1;3;masters degree;3.08235532;39.06918446;-85.96499934;1;0
17036;39.87;2;bachelor/diploma;3.640914205;38.94242462;-78.89549114;0;1
4454;44.14;3;masters degree;2.424419861;49.58282801;-91.04500315;1;0
12063;49.59;1;masters degree;3.933416985;43.69281106;-83.2741553;1;1
4266;42.02;3;masters degree;2.312628504;51.20559033;-89.52724676;1;0
5927;62.83;0;bachelor/diploma;4.852565412;33.46294589;-103.5880824;0;0
8937;39.78;2;bachelor/diploma;3.28854574;39.56260196;-81.89668973;1;1
10419;42;4;masters degree;3.002691512;36.32708032;-80.12563347;1;0
8669;61.64;1;bachelor/diploma;3.90066794;36.00849633;-101.5315195;1;0
15192;47.16;2;bachelor/diploma;2.097089316;37.46360392;-80.66701018;1;1
12236;66.45;2;bachelor/diploma;3.883697536;40.60052098;-95.0890249;0;0
13195;62.1;1;masters degree;3.418238696;33.99689768;-109.4418785;1;0
4174;63.72;2;bachelor/diploma;4.369632625;42.64635533;-84.8368845;1;0
11854;61.78;2;masters degree;3.540870695;38.5781633;-97.47836151;0;0
8778;49.8;2;masters degree;3.413333613;42.37096687;-90.8571194;1;0
2393;60.36;3;bachelor/diploma;2.931109792;40.90921651;-93.87108605;1;0
11635;73.61;1;bachelor/diploma;5;38.89067609;-98.91869657;0;0
7762;56.97;3;masters degree;2.458314444;39.29997069;-97.08409954;1;0
9803;53.24;3;bachelor/diploma;2.964063602;39.74177938;-89.58379346;0;0
10235;48.01;2;masters degree;2.144354037;32.68865216;-81.2217804;0;0
11138;71.23;5;masters degree;1;49.16341467;-94.42470083;0;0
12192;74.62;2;bachelor/diploma;3.431927562;40.56616064;-104.4243293;0;0
11994;50.64;3;bachelor/diploma;3.75862815;42.03788782;-77.68014124;1;0
6403;78.45;1;masters degree;4.372381022;40.0449231;-104.1337297;1;0
10685;48.66;2;masters degree;3.851270685;36.11352081;-89.94870164;1;0
10456;45.85;2;masters degree;3.426422648;37.87715022;-84.55706444;1;0
3929;46.44;3;masters degree;2.860305823;45.76755126;-99.00222861;0;0
8553;71.51;3;bachelor/diploma;3.183382007;43.44998819;-96.07467941;1;0
9911;60.89;3;masters degree;3.082264449;41.32358037;-93.15814924;0;0
8092;69.05;3;masters degree;3.132601619;41.86521798;-98.06325734;1;0
13147;52.28;3;masters degree;3.865382635;43.25733227;-75.75886851;0;0
13166;62.03;3;bachelor/diploma;2.432500817;45.01807897;-87.80489842;1;0
3499;38.62;3;bachelor/diploma;3.350318275;39.99828414;-74.25307853;1;0
10215;41.91;3;bachelor/diploma;2.586345207;43.34138555;-85.96974508;1;0
10501;50.26;3;masters degree;3.265859226;40.19594312;-83.70045593;1;0
13834;37.03;2;bachelor/diploma;3.808911898;43.07893615;-87.81889452;0;1
5112;38.05;3;masters degree;2.817930732;38.89714991;-93.64728526;0;0
11106;57.23;2;masters degree;3.788776503;47.08399953;-87.48303923;0;1
8424;51.01;3;masters degree;2.269188299;38.06724119;-88.87335658;1;0
9240;85.45;2;bachelor/diploma;3.146677661;42.28907949;-111.9681037;1;0
7490;37.93;3;masters degree;1.804096214;35.9989352;-86.71878972;0;0
2059;47.97;2;masters degree;2.852814152;50.29534276;-84.87182311;1;1
9779;67.79;2;masters degree;3.878508971;41.87563771;-96.41542712;1;0
6975;42.13;3;masters degree;3.387802079;42.67988021;-97.49123973;0;0
11927;41.48;1;bachelor/diploma;4.017666858;41.5659858;-81.94146817;1;1
9195;49.18;3;masters degree;3.199771115;38.65584248;-85.79013164;1;0
6958;62.24;1;masters degree;2.599158715;42.42471663;-82.4358538;0;1
15567;60.14;1;masters degree;4.28276744;38.09886678;-92.75182695;1;0
15367;64.72;2;bachelor/diploma;2.588449229;40.89958353;-88.70884766;0;0
10044;73.84;3;masters degree;3.094722342;43.51772435;-98.20927286;1;0
7602;54.9;2;bachelor/diploma;2.557564635;43.25880668;-86.70249114;1;1
10631;71.69;2;masters degree;3.005389024;39.51813424;-106.4956706;1;0
8771;79.3;3;masters degree;4.40995766;43.19774209;-99.64639906;0;0
12546;45.17;3;bachelor/diploma;3.186013344;43.1822756;-83.42257672;0;0
7760;47.91;3;masters degree;1.698575174;39.76833411;-90.04570737;0;0
15601;48.87;3;masters degree;2.815375392;41.79237002;-81.97712477;1;0
14251;75.08;3;masters degree;2.902515385;42.57480972;-102.8972597;0;0
8470;48.8;3;bachelor/diploma;3.833161967;51.37676493;-81.74845914;0;0
8791;55.96;2;masters degree;2.477290424;41.61349897;-79.75597203;1;1
16057;54.59;2;bachelor/diploma;2.416635683;43.18130797;-87.40718887;0;1
5693;36.14;3;masters degree;3.405466366;44.92611095;-79.465501;0;1
5335;48.73;3;masters degree;2.636064352;48.04743795;-92.62762292;0;0
14489;57.35;3;bachelor/diploma;3.134003351;42.91721296;-84.44955267;0;0
10123;52.08;2;bachelor/diploma;2.514941487;47.75246593;-86.87083964;1;1
12453;40.13;2;bachelor/diploma;2.786284685;34.55544868;-78.25530107;1;1
7091;43.6;1;bachelor/diploma;4.48143149;44.38153107;-84.00491303;0;1
11396;28.29;1;bachelor/diploma;4.230993241;39.49485395;-77.62311909;0;1
12602;58.44;3;bachelor/diploma;1.490399808;46.75757014;-83.22483011;1;0
3189;45.47;3;higher education;2.971246496;37.97731079;-101.2229727;0;0
19495;31.71;3;bachelor/diploma;2.438350892;39.94577013;-83.09478557;1;1
13327;48.95;2;bachelor/diploma;3.402801177;39.36761941;-78.78045529;0;0
10450;44.77;2;masters degree;3.424386674;39.60649343;-83.56953491;1;0
14111;29.4;2;bachelor/diploma;3.057515666;43.1803697;-86.98802258;1;1
4854;57.35;3;masters degree;1.835731149;44.25817934;-105.0058362;1;0
9612;31.64;4;masters degree;2.553036725;38.39783959;-83.05634806;0;0
9767;18.69;1;bachelor/diploma;2.49503532;46.92407306;-76.24015041;1;1
15573;56.4;2;bachelor/diploma;3.189930959;39.54552044;-91.36241797;1;0
12038;47.83;3;masters degree;3.00335293;39.05386307;-81.31810921;1;0
7907;63.26;2;bachelor/diploma;4.181173389;38.913505;-94.63470061;1;0
12410;57.83;3;masters degree;2.874360514;40.60966986;-92.14269714;0;0
11511;47.84;2;bachelor/diploma;3.089361457;44.01578045;-85.85223893;1;1
8639;75.13;1;bachelor/diploma;3.440652066;36.8471735;-113.8171295;1;0
12273;46.68;1;masters degree;3.71119673;42.5139072;-83.02236457;0;1
10828;53.08;3;bachelor/diploma;3.245530167;44.7389123;-89.37475968;1;0
8804;58.2;4;bachelor/diploma;2.935342829;47.8309249;-88.7622337;1;0
12567;44.49;2;bachelor/diploma;2.963007131;37.76551465;-80.86517497;1;1
7525;47.48;2;masters degree;2.561266665;42.97184916;-86.40987331;1;1
7268;78.79;4;bachelor/diploma;3.41405516;48.8213944;-98.88276089;0;0
10111;57.82;3;masters degree;2.878633324;41.17636054;-91.19167619;0;0
7687;52.55;3;masters degree;3.631978793;45.39345334;-92.45939971;1;0
9774;17.51;2;bachelor/diploma;3.908163002;45.09268527;-75.82069457;1;1
13017;42.34;2;bachelor/diploma;2.793018803;41.05410786;-78.01040035;0;0
9431;57.11;2;bachelor/diploma;2.120654663;48.73645507;-84.59448003;1;0
7897;42.16;4;masters degree;3.25690702;43.48227217;-90.1995312;0;0
16295;56.18;3;bachelor/diploma;3.79282493;36.66359227;-77.79023165;0;1
12110;53.03;2;masters degree;3.552435141;38.63254635;-79.89617058;1;0
2996;43.46;3;bachelor/diploma;3.150927844;53.48813575;-88.41778342;1;0
9134;41.54;2;masters degree;3.404257709;40.63418032;-82.41632147;1;1
11105;50.59;4;masters degree;2.439046966;39.01649214;-94.34869097;0;0
7413;42.5;1;bachelor/diploma;4.292940538;42.60844693;-82.85947222;0;1
14095;65.12;1;masters degree;4.239317962;33.86109055;-107.1420604;1;0
11347;44.8;3;masters degree;3.565789867;38.68680516;-82.62931998;1;0
8555;41.03;2;masters degree;3.140933904;37.33791339;-79.63124121;0;1
11872;51.88;3;masters degree;3.122184591;42.08456266;-81.90491674;0;0
12439;32.84;1;masters degree;3.585633758;35.89351585;-76.1013415;0;1
3439;42.11;2;masters degree;2.520489889;41.37007325;-82.01947758;1;1
15584;33.65;1;bachelor/diploma;3.5089279;41.28562041;-88.81740097;0;1
16034;56.86;4;high-school;3.140580971;46.81016537;-74.79852317;1;0
13815;62.05;0;bachelor/diploma;4.41180664;33.43640844;-105.2871017;1;0
13305;68.53;3;bachelor/diploma;2.80418363;44.12398157;-86.63019839;0;0
3448;53.28;4;bachelor/diploma;3.108226892;55.14;-87.65512025;0;0
6495;40.01;3;bachelor/diploma;3.295638407;37.75334533;-80.58974611;1;0
10507;56.13;4;bachelor/diploma;2.654351148;42.51291586;-91.52785581;0;0
11016;67.75;1;bachelor/diploma;4.070576716;40.0614535;-75.49442835;0;1
10933;71.6;3;bachelor/diploma;3.232262084;45.61382262;-90.55161173;0;0
7757;42.27;1;masters degree;3.490774416;41.11031023;-83.06408981;0;1
17417;40.79;2;bachelor/diploma;2.537816025;39.77569889;-83.05445876;1;1
9220;35.93;2;masters degree;2.809752274;36.06888983;-78.9350089;1;1
3658;61.97;3;bachelor/diploma;2.975153951;41.39154444;-93.56870837;1;0
10873;50.85;3;masters degree;2.922666083;40.77189859;-83.87981395;1;0
8582;38.39;3;masters degree;2.412083947;45.11028178;-89.54738124;1;0
7167;30.36;1;masters degree;4.393580233;36.81925155;-76.16450335;1;1
8553;37.85;3;masters degree;2.594245208;38.34336076;-87.62637834;1;0
18870;59.03;5;bachelor/diploma;2.275180721;48.06558363;-78.01154441;1;0
8729;62.99;4;bachelor/diploma;2.564155587;45.76329205;-86.00706245;0;0
5064;44.91;3;masters degree;3.120781434;38.51957798;-95.01026581;1;0
3297;44.29;3;masters degree;2.718088115;42.20489709;-100.5337405;0;0
11470;52.98;2;bachelor/diploma;2.784954627;46.48004063;-83.43690597;1;1
6182;53.92;3;bachelor/diploma;2.199570489;42.20346328;-88.00204985;0;1
11621;34.18;3;masters degree;3.667826254;33.31063052;-76.94173169;0;0
6058;66.58;2;masters degree;2.964298982;40.49232129;-99.88913782;0;0
9324;68.17;2;masters degree;3.538540119;38.16299976;-103.9551538;1;0
3796;44.49;2;masters degree;2.499793908;46.25056047;-83.34095071;0;1
14293;68.05;3;bachelor/diploma;3.675505648;42.73415325;-87.33406483;1;0
12377;43.73;2;bachelor/diploma;2.664047071;46.8678156;-84.88966307;1;1
8748;39.46;2;masters degree;2.625371422;36.32753822;-88.40951794;1;0
8482;73.92;2;bachelor/diploma;2.893490037;41.2522818;-106.4787972;1;0
13257;68.74;3;bachelor/diploma;2.708888004;47.79949464;-84.70314225;0;0
7376;52.67;2;bachelor/diploma;3.247750221;43.06516257;-85.78293167;1;1
7330;38.25;3;masters degree;2.704182054;38.76537616;-89.64279906;0;0
13435;45.64;3;bachelor/diploma;3.079283619;42.95218824;-77.33869528;0;0
15168;47.86;3;bachelor/diploma;3.752660043;41.14126917;-77.443914;1;0
11714;43.76;3;bachelor/diploma;2.848441985;43.28078596;-79.10541959;0;0
10493;76.4;3;masters degree;2.834422601;45.15806061;-98.56552617;1;0
12560;46.06;2;masters degree;3.243909179;37.82769308;-76.43408901;0;0
11219;64.21;2;bachelor/diploma;3.590714721;47.50710812;-84.79591664;1;1
8365;24.26;2;bachelor/diploma;2.765739608;47.60385451;-76.29046144;0;1
8881;18.61;1;masters degree;2.14419826;45.57034571;-76.7387118;1;1
12922;49.26;2;bachelor/diploma;2.889226366;46.1474439;-82.38171407;0;1
10727;68.05;2;masters degree;3.889728591;40.03952161;-98.30744912;1;0
16295;43.01;3;bachelor/diploma;3.446079097;39.15516307;-72.27967189;1;0
8531;44.04;4;masters degree;3.053550132;44.29741314;-88.0818367;1;0
12890;55.87;2;bachelor/diploma;3.154074453;46.02808586;-86.67934623;0;1
22388;57.51;3;bachelor/diploma;2.855961669;41.89065824;-88.93090516;0;0
12238;39.47;2;bachelor/diploma;3.351219129;38.09211019;-79.37987696;0;1
8582;37.95;2;masters degree;3.805735956;35.68965575;-80.98876281;0;0
6751;34.7;2;masters degree;2.246510061;33.35475572;-78.77540925;1;1
10417;37.87;3;masters degree;2.562570151;40.80941968;-81.31622839;1;0
5461;35.81;3;masters degree;2.680365586;42.30620065;-94.94177924;1;0
11185;50.52;2;higher education;2.419368642;42.26005861;-86.02438779;0;1
8701;55.25;3;masters degree;2.627734009;39.08041027;-94.77168111;0;0
16705;50.08;1;bachelor/diploma;4.205430049;47.00278897;-86.16655505;0;1
6800;49.64;2;masters degree;2.150862902;40.16983464;-85.14212849;0;1
9774;45.38;4;masters degree;1.862435856;43.49797498;-78.8467228;1;0
14703;77.4;3;bachelor/diploma;2.761331433;38.29152659;-96.87650384;0;0
12933;74.56;2;bachelor/diploma;3.346331118;41.8836069;-87.33155152;1;1
10530;33.34;3;bachelor/diploma;2.433578415;44.69766211;-83.35312768;1;0
8839;48.22;4;masters degree;3.260307855;44.15351991;-72.49433457;1;0
16790;42.77;2;bachelor/diploma;3.160715919;37.94317108;-80.06778544;1;1
7038;56.25;3;bachelor/diploma;2.907460491;52.82802001;-85.16503552;0;0
13364;65.15;2;masters degree;4.083862655;41.52682807;-90.7803655;0;0
19504;71.29;2;masters degree;3.639091511;42.69461285;-95.14789254;0;0
9329;63.98;1;masters degree;3.803155356;36.59632934;-102.3748108;0;0
14898;68.75;2;masters degree;2.913082354;39.01006837;-106.3786856;0;0
7008;47.18;1;bachelor/diploma;3.734312381;41.9543492;-82.24544446;1;1
12902;64.47;3;masters degree;3.315321734;45.25552152;-84.51797943;1;0
8044;68.89;3;masters degree;3.261832648;42.69312394;-95.49504184;0;0
11889;40.43;1;bachelor/diploma;3.769790678;39.35970485;-80.57876433;1;1
15386;23.86;2;bachelor/diploma;3.039372564;41.28444362;-87.30168103;0;1
8043;49.33;2;masters degree;2.947170371;36.30454523;-94.98365402;0;0
12394;43.63;2;masters degree;3.205541259;37.15693414;-85.47616719;1;0
4917;73.09;2;masters degree;3.437423526;38.35258753;-108.6361175;0;0
2668;48.77;4;bachelor/diploma;1.884141287;43.03509448;-83.28652399;0;0
9687;41.41;4;masters degree;2.59922833;42.32951683;-86.57701099;1;0
16110;64.97;3;bachelor/diploma;3.085908268;41.90669549;-83.67148678;1;0
4230;32.34;2;masters degree;2.553829737;41.05580361;-79.02494917;0;1
13008;54.85;3;bachelor/diploma;3.493924139;40.85033947;-86.13588229;1;0
8534;46.31;4;masters degree;3.045205077;43.40815779;-89.53430223;1;0
10425;65.21;2;bachelor/diploma;3.256541508;40.04313722;-97.76931699;1;0
13581;48.24;2;bachelor/diploma;2.369042843;39.87028623;-78.24701916;1;1
14776;57.74;2;bachelor/diploma;3.030431288;45.25271987;-85.49138477;1;1
20218;12.89;2;bachelor/diploma;3.214768786;39.81151422;-90.27840636;0;1
11144;63.81;2;bachelor/diploma;3.513026539;39.27805147;-97.57814931;1;0
14265;43.72;1;bachelor/diploma;3.665779632;42.13447458;-83.78086719;0;1
12519;59.11;3;masters degree;2.879101705;40.93083486;-91.82983487;1;0
12403;71.02;2;bachelor/diploma;3.370855836;41.06717895;-100.738505;1;0
14480;34.52;1;bachelor/diploma;3.869862901;37.51387667;-78.57872444;0;1
12972;73.9;2;bachelor/diploma;2.661765427;44.07008657;-91.30567544;0;0
7881;37.09;2;masters degree;2.518951914;33.18872659;-79.07890082;0;1
12003;66.86;1;masters degree;4.882590692;39.20836419;-93.53205867;0;0
9843;52.03;2;masters degree;3.82985336;37.37692107;-90.19313425;0;0
16330;54.31;3;bachelor/diploma;4.102751908;38.2536705;-87.35182277;1;0
